{"cameraMode":{"drawMode":0,"name":"Shaded","section":"Shading Mode"},"sceneLighting":false,"audioPlay":false,"sceneViewState":{"m_AlwaysRefresh":false,"showFog":true,"showSkybox":false,"showFlares":true,"showImageEffects":true,"showParticleSystems":true,"showVisualEffectGraphs":true,"m_FxEnabled":true},"in2DMode":false,"pivot":{"x":0.07626723498106003,"y":-0.045322176069021228,"z":0.11032545566558838},"rotation":{"x":0.031490571796894076,"y":-0.01649089902639389,"z":0.0005196633283048868,"w":0.9993688464164734},"size":0.4867538511753082,"orthographic":true}