{"cameraMode":{"drawMode":0,"name":"Shaded","section":"Shading Mode"},"sceneLighting":false,"audioPlay":false,"sceneViewState":{"m_AlwaysRefresh":false,"showFog":true,"showSkybox":false,"showFlares":true,"showImageEffects":true,"showParticleSystems":true,"showVisualEffectGraphs":true,"m_FxEnabled":true},"in2DMode":false,"pivot":{"x":0.1773240864276886,"y":0.3475708067417145,"z":0.09528154879808426},"rotation":{"x":-0.20102418959140778,"y":-0.6606686115264893,"z":0.19033662974834443,"w":-0.6977720856666565},"size":0.8660253882408142,"orthographic":false}