{"cameraMode":{"drawMode":0,"name":"Shaded","section":"Shading Mode"},"sceneLighting":false,"audioPlay":false,"sceneViewState":{"m_AlwaysRefresh":false,"showFog":true,"showSkybox":false,"showFlares":true,"showImageEffects":true,"showParticleSystems":true,"showVisualEffectGraphs":true,"m_FxEnabled":true},"in2DMode":false,"pivot":{"x":0.004013396799564362,"y":-0.06161586940288544,"z":0.02553960680961609},"rotation":{"x":0.09726007282733917,"y":0.041788674890995029,"z":-0.004087416920810938,"w":0.9943757653236389},"size":0.3818916082382202,"orthographic":true}