{"cameraMode":{"drawMode":0,"name":"Shaded","section":"Shading Mode"},"sceneLighting":false,"audioPlay":false,"sceneViewState":{"m_AlwaysRefresh":false,"showFog":true,"showSkybox":false,"showFlares":true,"showImageEffects":true,"showParticleSystems":true,"showVisualEffectGraphs":true,"m_FxEnabled":true},"in2DMode":false,"pivot":{"x":0.08930420130491257,"y":-0.0026462760288268329,"z":0.3717731535434723},"rotation":{"x":0.023934058845043184,"y":0.07401551306247711,"z":-0.0017652311362326146,"w":0.997003436088562},"size":0.32393985986709597,"orthographic":false}