{"cameraMode":{"drawMode":0,"name":"Shaded","section":"Shading Mode"},"sceneLighting":false,"audioPlay":false,"sceneViewState":{"m_AlwaysRefresh":false,"showFog":true,"showSkybox":false,"showFlares":true,"showImageEffects":true,"showParticleSystems":true,"showVisualEffectGraphs":true,"m_FxEnabled":true},"in2DMode":false,"pivot":{"x":0.056689660996198657,"y":-0.032712794840335849,"z":-0.020583540201187135},"rotation":{"x":0.031490571796894076,"y":-0.01649089902639389,"z":0.0005196633283048868,"w":0.9993688464164734},"size":0.3800452649593353,"orthographic":true}