{"cameraMode":{"drawMode":0,"name":"Shaded","section":"Shading Mode"},"sceneLighting":false,"audioPlay":false,"sceneViewState":{"m_AlwaysRefresh":false,"showFog":true,"showSkybox":false,"showFlares":true,"showImageEffects":true,"showParticleSystems":true,"showVisualEffectGraphs":true,"m_FxEnabled":true},"in2DMode":false,"pivot":{"x":-0.022686108946800233,"y":-0.011507874354720116,"z":0.5285983681678772},"rotation":{"x":0.047377053648233417,"y":-0.011986428871750832,"z":0.0005682487390004098,"w":0.9988061189651489},"size":0.3339746594429016,"orthographic":false}