{"cameraMode":{"drawMode":0,"name":"Shaded","section":"Shading Mode"},"sceneLighting":false,"audioPlay":false,"sceneViewState":{"m_AlwaysRefresh":false,"showFog":true,"showSkybox":false,"showFlares":true,"showImageEffects":true,"showParticleSystems":true,"showVisualEffectGraphs":true,"m_FxEnabled":true},"in2DMode":false,"pivot":{"x":-0.005192667245864868,"y":0.06724550575017929,"z":0.039199721068143848},"rotation":{"x":0.04707661643624306,"y":-0.8786306381225586,"z":0.08860088884830475,"w":0.46684515476226809},"size":0.1347760260105133,"orthographic":true}